{
  "i18n/i18n.properties": 1757676495799,
  "model/models.js": 1757674278455,
  "controller/View1.controller.js": 1761117891223,
  "controller/App.controller.js": 1757674278455,
  "manifest.json": 1757675270251,
  "Component.js": 1757674278447,
  "controller/App-dbg.controller.js": 1757674278455,
  "controller/App.controller.js.map": 1761213682645,
  "controller/View1-dbg.controller.js": 1761117891223,
  "controller/View1.controller.js.map": 1761213682660,
  "model/models-dbg.js": 1757674278455,
  "model/models.js.map": 1761213682649,
  "Component-dbg.js": 1757674278447,
  "Component.js.map": 1761213682650,
  "Component-preload.js": 1761213682739,
  "Component-preload.js.map": 1761213682739,
  "view/View1.view.xml": 1760248306170,
  "view/App.view.xml": 1757674278459,
  "css/style.css": 1757674278459,
  "index.html": 1757674278451
}