{
  "model/models.js": 1757674278455,
  "manifest.json": 1757675270251,
  "controller/View1.controller.js": 1759468824161,
  "controller/App.controller.js": 1757674278455,
  "i18n/i18n.properties": 1757676495799,
  "Component.js": 1757674278447,
  "model/models-dbg.js": 1757674278455,
  "model/models.js.map": 1759487984521,
  "controller/App-dbg.controller.js": 1757674278455,
  "controller/App.controller.js.map": 1759487984520,
  "controller/View1-dbg.controller.js": 1759468824161,
  "controller/View1.controller.js.map": 1759487984529,
  "Component-dbg.js": 1757674278447,
  "Component.js.map": 1759487984522,
  "Component-preload.js": 1759487984736,
  "Component-preload.js.map": 1759487984736,
  "view/View1.view.xml": 1757674395116,
  "view/App.view.xml": 1757674278459,
  "css/style.css": 1757674278459,
  "index.html": 1757674278451
}